block_number,block_gas_used,tx_count,block_gas_used_lag_1,tx_count_lag_1
21330579,28684964,383,,
21330580,11648827,153,28684964.0,383.0
21330581,13590577,182,11648827.0,153.0
21330582,11834295,166,13590577.0,182.0
21330583,10679739,174,11834295.0,166.0
21330584,12492479,166,10679739.0,174.0
21330585,11312549,169,12492479.0,166.0
21330586,29890996,394,11312549.0,169.0
21330587,13298234,184,29890996.0,394.0
21330588,5095911,36,13298234.0,184.0
21330589,13532569,301,5095911.0,36.0
21330590,26779337,297,13532569.0,301.0
21330591,14145084,173,26779337.0,297.0
21330592,4922361,108,14145084.0,173.0
21330593,29968429,424,4922361.0,108.0
21330594,12712794,159,29968429.0,424.0
21330595,11013604,167,12712794.0,159.0
21330596,16578510,218,11013604.0,167.0
21330597,4720110,86,16578510.0,218.0
21330598,17487188,230,4720110.0,86.0
21330599,5104501,92,17487188.0,230.0
21330600,29993127,403,5104501.0,92.0
21330601,18122110,252,29993127.0,403.0
21330602,7641989,68,18122110.0,252.0
21330603,14901074,266,7641989.0,68.0
21330604,16432888,238,14901074.0,266.0
21330605,7263328,107,16432888.0,238.0
21330606,15318007,218,7263328.0,107.0
21330607,17941477,224,15318007.0,218.0
21330608,6210843,33,17941477.0,224.0
21330609,25454040,412,6210843.0,33.0
21330610,14096202,212,25454040.0,412.0
21330611,12883953,170,14096202.0,212.0
21330612,17809053,205,12883953.0,170.0
21330613,14847692,179,17809053.0,205.0
21330614,15463053,186,14847692.0,179.0
21330615,10378349,165,15463053.0,186.0
21330616,16836131,278,10378349.0,165.0
21330617,11157683,196,16836131.0,278.0
21330618,18601685,327,11157683.0,196.0
21330619,15348026,267,18601685.0,327.0
21330620,10933479,178,15348026.0,267.0
21330621,16991677,226,10933479.0,178.0
21330622,12563848,204,16991677.0,226.0
21330623,14207078,182,12563848.0,204.0
21330624,17234565,208,14207078.0,182.0
21330625,10936058,181,17234565.0,208.0
21330626,21347649,297,10936058.0,181.0
21330627,9485885,125,21347649.0,297.0
21330628,24017468,237,9485885.0,125.0
21330629,9189490,142,24017468.0,237.0
21330630,13295326,172,9189490.0,142.0
21330631,22395008,227,13295326.0,172.0
21330632,4611355,70,22395008.0,227.0
21330633,29898375,345,4611355.0,70.0
21330634,9805926,148,29898375.0,345.0
21330635,11412060,144,9805926.0,148.0
21330636,24585412,333,11412060.0,144.0
21330637,15797858,171,24585412.0,333.0
21330638,14337631,180,15797858.0,171.0
21330639,10994852,170,14337631.0,180.0
21330640,13976653,196,10994852.0,170.0
21330641,21757826,254,13976653.0,196.0
21330642,11663087,187,21757826.0,254.0
21330643,11096399,175,11663087.0,187.0
21330644,14151214,229,11096399.0,175.0
21330645,18113482,219,14151214.0,229.0
21330646,14607027,202,18113482.0,219.0
21330647,4787666,93,14607027.0,202.0
21330648,29985941,168,4787666.0,93.0
21330649,24551210,308,29985941.0,168.0
21330650,7758147,106,24551210.0,308.0
21330651,13672783,186,7758147.0,106.0
21330652,10828497,159,13672783.0,186.0
21330653,14286343,212,10828497.0,159.0
21330654,5557742,104,14286343.0,212.0
21330655,21615216,328,5557742.0,104.0
21330656,23186574,286,21615216.0,328.0
21330657,11515431,156,23186574.0,286.0
21330658,15741846,215,11515431.0,156.0
21330659,12119482,146,15741846.0,215.0
21330660,14700483,170,12119482.0,146.0
21330661,13720728,182,14700483.0,170.0
21330662,15793100,257,13720728.0,182.0
21330663,10329385,140,15793100.0,257.0
21330664,21720806,288,10329385.0,140.0
21330665,8979632,107,21720806.0,288.0
21330666,21471378,289,8979632.0,107.0
21330667,11045761,146,21471378.0,289.0
21330668,10476000,169,11045761.0,146.0
21330669,5579488,106,10476000.0,169.0
21330670,29680597,423,5579488.0,106.0
21330671,10080062,172,29680597.0,423.0
21330672,25752407,221,10080062.0,172.0
21330673,13358907,140,25752407.0,221.0
21330674,14925145,184,13358907.0,140.0
21330675,11602656,153,14925145.0,184.0
21330676,14883801,196,11602656.0,153.0
21330677,12621223,206,14883801.0,196.0
21330678,12947597,175,12621223.0,206.0
21330679,14494312,181,12947597.0,175.0
21330680,11693346,145,14494312.0,181.0
21330681,13273350,154,11693346.0,145.0
21330682,17218332,243,13273350.0,154.0
21330683,13019012,184,17218332.0,243.0
21330684,13336677,184,13019012.0,184.0
21330685,17973651,204,13336677.0,184.0
21330686,15503251,207,17973651.0,204.0
21330687,9365194,141,15503251.0,207.0
21330688,25588889,335,9365194.0,141.0
21330689,9756027,160,25588889.0,335.0
21330690,13239150,178,9756027.0,160.0
21330691,14184343,233,13239150.0,178.0
21330692,14782856,206,14184343.0,233.0
21330693,18061122,201,14782856.0,206.0
21330694,14062770,188,18061122.0,201.0
21330695,15355291,202,14062770.0,188.0
21330696,16068138,238,15355291.0,202.0
21330697,12759426,151,16068138.0,238.0
21330698,12878276,185,12759426.0,151.0
21330699,11186550,162,12878276.0,185.0
21330700,14858488,266,11186550.0,162.0
21330701,18050357,216,14858488.0,266.0
21330702,12304306,167,18050357.0,216.0
21330703,6484534,101,12304306.0,167.0
21330704,29986781,389,6484534.0,101.0
21330705,9328054,136,29986781.0,389.0
21330706,25332324,362,9328054.0,136.0
21330707,16414058,238,25332324.0,362.0
21330708,15440334,190,16414058.0,238.0
21330709,13535954,157,15440334.0,190.0
21330710,10366931,161,13535954.0,157.0
21330711,17794656,221,10366931.0,161.0
21330712,16998991,210,17794656.0,221.0
21330713,14236242,202,16998991.0,210.0
21330714,16002469,233,14236242.0,202.0
21330715,13655413,151,16002469.0,233.0
21330716,25138148,285,13655413.0,151.0
21330717,7458720,106,25138148.0,285.0
21330718,19430297,194,7458720.0,106.0
21330719,17285639,257,19430297.0,194.0
21330720,11999077,134,17285639.0,257.0
21330721,18911985,283,11999077.0,134.0
21330722,10034959,152,18911985.0,283.0
21330723,15006812,201,10034959.0,152.0
21330724,14863133,177,15006812.0,201.0
21330725,3897580,16,14863133.0,177.0
21330726,3212740,16,3897580.0,16.0
21330727,29984254,463,3212740.0,16.0
21330728,29076327,364,29984254.0,463.0
21330729,16904025,184,29076327.0,364.0
21330730,10750840,126,16904025.0,184.0
21330731,16427776,212,10750840.0,126.0
21330732,9516426,86,16427776.0,212.0
21330733,21046101,307,9516426.0,86.0
21330734,13258170,189,21046101.0,307.0
21330735,13077317,210,13258170.0,189.0
21330736,16670934,205,13077317.0,210.0
21330737,13059178,169,16670934.0,205.0
21330738,17713635,259,13059178.0,169.0
21330739,17417234,179,17713635.0,259.0
21330740,13775469,175,17417234.0,179.0
21330741,19058831,194,13775469.0,175.0
21330742,11551607,180,19058831.0,194.0
21330743,22817320,263,11551607.0,180.0
21330744,14001446,169,22817320.0,263.0
21330745,12986491,163,14001446.0,169.0
21330746,19942357,247,12986491.0,163.0
21330747,15055915,160,19942357.0,247.0
21330748,13120919,166,15055915.0,160.0
21330749,14644711,186,13120919.0,166.0
21330750,24122793,192,14644711.0,186.0
21330751,16219018,194,24122793.0,192.0
21330752,9327432,48,16219018.0,194.0
21330753,21959085,327,9327432.0,48.0
21330754,15009376,171,21959085.0,327.0
21330755,12275873,159,15009376.0,171.0
21330756,15511786,234,12275873.0,159.0
21330757,10997723,174,15511786.0,234.0
21330758,12774929,187,10997723.0,174.0
21330759,13471235,192,12774929.0,187.0
21330760,21252822,224,13471235.0,192.0
21330761,21127169,298,21252822.0,224.0
21330762,12283997,171,21127169.0,298.0
21330763,13281460,179,12283997.0,171.0
21330764,11138173,167,13281460.0,179.0
21330765,13815439,156,11138173.0,167.0
21330766,15756406,202,13815439.0,156.0
21330767,9836654,182,15756406.0,202.0
21330768,15894862,214,9836654.0,182.0
21330769,12639576,198,15894862.0,214.0
21330770,12445342,167,12639576.0,198.0
21330771,16979525,223,12445342.0,167.0
21330772,13015816,176,16979525.0,223.0
21330773,14049337,165,13015816.0,176.0
21330774,13292348,171,14049337.0,165.0
21330775,13252582,193,13292348.0,171.0
21330776,24397122,316,13252582.0,193.0
21330777,11566065,132,24397122.0,316.0
21330778,7341859,115,11566065.0,132.0
21330779,23074127,343,7341859.0,115.0
21330780,6981355,125,23074127.0,343.0
21330781,20676313,265,6981355.0,125.0
21330782,16653485,206,20676313.0,265.0
21330783,16364664,187,16653485.0,206.0
21330784,9359339,128,16364664.0,187.0
21330785,12050965,154,9359339.0,128.0
21330786,21365584,316,12050965.0,154.0
21330787,15626185,193,21365584.0,316.0
21330788,9373275,156,15626185.0,193.0
21330789,29037920,419,9373275.0,156.0
21330790,11110760,174,29037920.0,419.0
21330791,13906316,178,11110760.0,174.0
21330792,20166181,185,13906316.0,178.0
21330793,13011215,174,20166181.0,185.0
21330794,14487276,198,13011215.0,174.0
21330795,14630774,169,14487276.0,198.0
21330796,22782075,252,14630774.0,169.0
21330797,8288450,116,22782075.0,252.0
21330798,11323191,146,8288450.0,116.0
21330799,19132557,165,11323191.0,146.0
21330800,13535107,208,19132557.0,165.0
21330801,12951655,203,13535107.0,208.0
21330802,15869057,218,12951655.0,203.0
21330803,10482738,134,15869057.0,218.0
21330804,6989941,134,10482738.0,134.0
21330805,19972489,308,6989941.0,134.0
21330806,29455983,420,19972489.0,308.0
21330807,15550684,186,29455983.0,420.0
21330808,17399854,201,15550684.0,186.0
21330809,15011063,175,17399854.0,201.0
21330810,14866917,155,15011063.0,175.0
21330811,15746465,196,14866917.0,155.0
21330812,12262278,149,15746465.0,196.0
21330813,12505187,151,12262278.0,149.0
21330814,18515099,250,12505187.0,151.0
21330815,25570083,256,18515099.0,250.0
21330816,6985252,148,25570083.0,256.0
21330817,22785586,259,6985252.0,148.0
21330818,14942050,193,22785586.0,259.0
21330819,14623825,191,14942050.0,193.0
21330820,14782086,188,14623825.0,191.0
21330821,13213983,175,14782086.0,188.0
21330822,11938753,168,13213983.0,175.0
21330823,19040999,213,11938753.0,168.0
21330824,10964848,134,19040999.0,213.0
21330825,19169270,273,10964848.0,134.0
21330826,17657919,224,19169270.0,273.0
21330827,9988569,128,17657919.0,224.0
21330828,16138097,212,9988569.0,128.0
21330829,8988547,121,16138097.0,212.0
21330830,13513268,233,8988547.0,121.0
21330831,10422966,192,13513268.0,233.0
21330832,22985859,286,10422966.0,192.0
21330833,12364998,179,22985859.0,286.0
21330834,8139260,128,12364998.0,179.0
21330835,19095276,293,8139260.0,128.0
21330836,13597876,187,19095276.0,293.0
21330837,11202876,175,13597876.0,187.0
21330838,14650189,202,11202876.0,175.0
21330839,14736379,229,14650189.0,202.0
21330840,14473063,243,14736379.0,229.0
21330841,18107077,265,14473063.0,243.0
21330842,16757850,185,18107077.0,265.0
21330843,13503037,168,16757850.0,185.0
21330844,15018251,164,13503037.0,168.0
21330845,8533141,102,15018251.0,164.0
21330846,24163755,288,8533141.0,102.0
21330847,16251774,195,24163755.0,288.0
21330848,14205127,171,16251774.0,195.0
21330849,17777284,214,14205127.0,171.0
21330850,11462952,88,17777284.0,214.0
21330851,24671875,351,11462952.0,88.0
21330852,13488097,190,24671875.0,351.0
21330853,15458944,200,13488097.0,190.0
21330854,20257740,204,15458944.0,200.0
21330855,15396581,245,20257740.0,204.0
21330856,6702147,110,15396581.0,245.0
21330857,24762066,310,6702147.0,110.0
21330858,10828944,146,24762066.0,310.0
21330859,14897941,150,10828944.0,146.0
21330860,14634858,175,14897941.0,150.0
21330861,13634875,180,14634858.0,175.0
21330862,14393969,181,13634875.0,180.0
21330863,13557215,161,14393969.0,181.0
21330864,14359780,195,13557215.0,161.0
21330865,19733811,268,14359780.0,195.0
21330866,14391810,235,19733811.0,268.0
21330867,14466397,176,14391810.0,235.0
21330868,15188999,210,14466397.0,176.0
21330869,9075643,125,15188999.0,210.0
21330870,11670294,163,9075643.0,125.0
21330871,26064382,310,11670294.0,163.0
21330872,9913933,130,26064382.0,310.0
21330873,3876960,78,9913933.0,130.0
21330874,25982213,333,3876960.0,78.0
21330875,10055820,120,25982213.0,333.0
21330876,19179456,280,10055820.0,120.0
21330877,14897595,185,19179456.0,280.0
21330878,11430599,153,14897595.0,185.0
21330879,12536508,187,11430599.0,153.0
21330880,15621934,221,12536508.0,187.0
21330881,18397006,215,15621934.0,221.0
21330882,10168295,101,18397006.0,215.0
21330883,9754674,187,10168295.0,101.0
21330884,22058259,277,9754674.0,187.0
21330885,16278102,199,22058259.0,277.0
21330886,13294721,181,16278102.0,199.0
21330887,13713189,187,13294721.0,181.0
21330888,15998555,184,13713189.0,187.0
21330889,13494744,188,15998555.0,184.0
21330890,9787086,60,13494744.0,188.0
21330891,23582080,410,9787086.0,60.0
21330892,7238862,146,23582080.0,410.0
21330893,22996410,259,7238862.0,146.0
21330894,15172065,218,22996410.0,259.0
21330895,13608252,209,15172065.0,218.0
21330896,17670382,200,13608252.0,209.0
21330897,16716838,171,17670382.0,200.0
21330898,12902924,180,16716838.0,171.0
21330899,6160580,48,12902924.0,180.0
21330900,22206164,376,6160580.0,48.0
21330901,20737783,266,22206164.0,376.0
21330902,11615106,145,20737783.0,266.0
21330903,4701182,83,11615106.0,145.0
21330904,21467230,257,4701182.0,83.0
21330905,16221111,257,21467230.0,257.0
21330906,15360348,200,16221111.0,257.0
21330907,14067147,179,15360348.0,200.0
21330908,11520820,157,14067147.0,179.0
21330909,10988364,160,11520820.0,157.0
21330910,13723814,220,10988364.0,160.0
21330911,14852631,207,13723814.0,220.0
21330912,5723448,84,14852631.0,207.0
21330913,21514463,303,5723448.0,84.0
21330914,15577473,189,21514463.0,303.0
21330915,17910562,208,15577473.0,189.0
21330916,15177497,211,17910562.0,208.0
21330917,10650888,150,15177497.0,211.0
21330918,16767875,240,10650888.0,150.0
21330919,13907506,196,16767875.0,240.0
21330920,17326684,202,13907506.0,196.0
21330921,12672516,174,17326684.0,202.0
21330922,5583215,93,12672516.0,174.0
21330923,17143138,259,5583215.0,93.0
21330924,25700319,275,17143138.0,259.0
21330925,10769484,137,25700319.0,275.0
21330926,9687215,144,10769484.0,137.0
21330927,21020245,242,9687215.0,144.0
21330928,13502680,146,21020245.0,242.0
21330929,14242368,154,13502680.0,146.0
21330930,12654418,163,14242368.0,154.0
21330931,17658178,197,12654418.0,163.0
21330932,13110445,217,17658178.0,197.0
21330933,17530897,220,13110445.0,217.0
21330934,12130016,161,17530897.0,220.0
21330935,19140362,299,12130016.0,161.0
21330936,11561070,132,19140362.0,299.0
21330937,16919194,234,11561070.0,132.0
21330938,14782343,258,16919194.0,234.0
21330939,13503299,193,14782343.0,258.0
21330940,14811149,241,13503299.0,193.0
21330941,12372137,194,14811149.0,241.0
21330942,19000907,345,12372137.0,194.0
21330943,13034903,178,19000907.0,345.0
21330944,11171503,174,13034903.0,178.0
21330945,15000991,208,11171503.0,174.0
21330946,21738315,230,15000991.0,208.0
21330947,10590426,162,21738315.0,230.0
21330948,15803995,202,10590426.0,162.0
21330949,17855964,200,15803995.0,202.0
21330950,13183577,151,17855964.0,200.0
21330951,14817120,187,13183577.0,151.0
21330952,13199162,178,14817120.0,187.0
21330953,14141253,206,13199162.0,178.0
21330954,16171347,215,14141253.0,206.0
21330955,20913391,203,16171347.0,215.0
21330956,16345914,187,20913391.0,203.0
21330957,7908416,126,16345914.0,187.0
21330958,6164159,119,7908416.0,126.0
21330959,29979609,345,6164159.0,119.0
21330960,18937796,215,29979609.0,345.0
21330961,15117791,184,18937796.0,215.0
21330962,11576044,151,15117791.0,184.0
21330963,17363437,275,11576044.0,151.0
21330964,15227970,193,17363437.0,275.0
21330965,15399773,163,15227970.0,193.0
21330966,12992228,225,15399773.0,163.0
21330967,13974087,199,12992228.0,225.0
21330968,12003355,151,13974087.0,199.0
21330969,20939986,364,12003355.0,151.0
21330970,13941505,191,20939986.0,364.0
21330971,15265277,166,13941505.0,191.0
21330972,15734123,208,15265277.0,166.0
21330973,11250268,181,15734123.0,208.0
21330974,16710086,196,11250268.0,181.0
21330975,12986035,188,16710086.0,196.0
21330976,15911931,190,12986035.0,188.0
21330977,6875813,104,15911931.0,190.0
21330978,26924900,344,6875813.0,104.0
21330979,12802912,150,26924900.0,344.0
21330980,11976789,188,12802912.0,150.0
21330981,13714912,171,11976789.0,188.0
21330982,17491515,229,13714912.0,171.0
21330983,14561120,214,17491515.0,229.0
21330984,11856714,160,14561120.0,214.0
21330985,20838393,214,11856714.0,160.0
21330986,17267083,210,20838393.0,214.0
21330987,14381694,185,17267083.0,210.0
21330988,12074491,90,14381694.0,185.0
21330989,16260515,229,12074491.0,90.0
21330990,16755721,240,16260515.0,229.0
21330991,13058292,187,16755721.0,240.0
21330992,5958609,131,13058292.0,187.0
21330993,28079609,382,5958609.0,131.0
21330994,11864759,162,28079609.0,382.0
21330995,15391502,180,11864759.0,162.0
21330996,15691344,197,15391502.0,180.0
21330997,13247695,150,15691344.0,197.0
21330998,17163113,157,13247695.0,150.0
21330999,10255272,141,17163113.0,157.0
21331000,18920749,301,10255272.0,141.0
21331001,12243475,165,18920749.0,301.0
21331002,11766196,148,12243475.0,165.0
21331003,18341524,211,11766196.0,148.0
21331004,14086534,199,18341524.0,211.0
21331005,7411643,133,14086534.0,199.0
21331006,21434892,273,7411643.0,133.0
21331007,14764295,202,21434892.0,273.0
21331008,20184445,230,14764295.0,202.0
21331009,13450350,166,20184445.0,230.0
21331010,12662768,176,13450350.0,166.0
21331011,21440780,208,12662768.0,176.0
21331012,12729380,168,21440780.0,208.0
21331013,15797406,243,12729380.0,168.0
21331014,13647144,213,15797406.0,243.0
21331015,13643344,180,13647144.0,213.0
21331016,26982148,366,13643344.0,180.0
21331017,16090772,246,26982148.0,366.0
21331018,16778835,184,16090772.0,246.0
21331019,7372187,111,16778835.0,184.0
21331020,19644534,240,7372187.0,111.0
21331021,7448419,141,19644534.0,240.0
21331022,29648086,302,7448419.0,141.0
21331023,14214366,181,29648086.0,302.0
21331024,15900234,206,14214366.0,181.0
21331025,19458303,262,15900234.0,206.0
21331026,16089770,146,19458303.0,262.0
21331027,13240488,173,16089770.0,146.0
21331028,4873033,78,13240488.0,173.0
21331029,17707812,241,4873033.0,78.0
21331030,20280520,277,17707812.0,241.0
21331031,13903811,163,20280520.0,277.0
21331032,11486001,155,13903811.0,163.0
21331033,8322843,128,11486001.0,155.0
21331034,13418203,181,8322843.0,128.0
21331035,13958100,190,13418203.0,181.0
21331036,18393917,224,13958100.0,190.0
21331037,6711862,105,18393917.0,224.0
21331038,24388633,322,6711862.0,105.0
21331039,17119236,164,24388633.0,322.0
21331040,16029671,212,17119236.0,164.0
21331041,13971796,159,16029671.0,212.0
21331042,11763872,173,13971796.0,159.0
21331043,14650710,220,11763872.0,173.0
21331044,13756926,199,14650710.0,220.0
21331045,13269568,149,13756926.0,199.0
21331046,7479269,107,13269568.0,149.0
21331047,17439200,289,7479269.0,107.0
21331048,22518468,280,17439200.0,289.0
21331049,11585944,172,22518468.0,280.0
21331050,13642876,191,11585944.0,172.0
21331051,18669563,232,13642876.0,191.0
21331052,14140308,195,18669563.0,232.0
21331053,8663031,120,14140308.0,195.0
21331054,20564098,228,8663031.0,120.0
21331055,14102707,165,20564098.0,228.0
21331056,15900185,185,14102707.0,165.0
21331057,11986224,135,15900185.0,185.0
21331058,12739466,173,11986224.0,135.0
21331059,11668565,155,12739466.0,173.0
21331060,14386427,218,11668565.0,155.0
21331061,19444749,241,14386427.0,218.0
21331062,12016543,164,19444749.0,241.0
21331063,14120569,203,12016543.0,164.0
21331064,11012910,156,14120569.0,203.0
21331065,22340336,290,11012910.0,156.0
21331066,15486607,183,22340336.0,290.0
21331067,18213540,278,15486607.0,183.0
21331068,19225592,200,18213540.0,278.0
21331069,16064178,223,19225592.0,200.0
21331070,10219740,114,16064178.0,223.0
21331071,12511587,164,10219740.0,114.0
21331072,12276226,183,12511587.0,164.0
21331073,18429363,240,12276226.0,183.0
21331074,16135750,201,18429363.0,240.0
21331075,4521017,85,16135750.0,201.0
21331076,19351127,245,4521017.0,85.0
21331077,14894839,223,19351127.0,245.0
21331078,16140689,209,14894839.0,223.0
21331079,16929501,191,16140689.0,209.0
21331080,13051748,154,16929501.0,191.0
21331081,14647741,188,13051748.0,154.0
21331082,17461552,239,14647741.0,188.0
21331083,14810610,177,17461552.0,239.0
21331084,16147227,248,14810610.0,177.0
21331085,13775992,179,16147227.0,248.0
21331086,16386133,221,13775992.0,179.0
21331087,14668985,193,16386133.0,221.0
21331088,13780114,159,14668985.0,193.0
21331089,23399385,345,13780114.0,159.0
21331090,11098787,165,23399385.0,345.0
21331091,17349382,239,11098787.0,165.0
21331092,11688946,143,17349382.0,239.0
21331093,15065550,194,11688946.0,143.0
21331094,7662481,152,15065550.0,194.0
21331095,29983442,434,7662481.0,152.0
21331096,7287228,122,29983442.0,434.0
21331097,4026417,89,7287228.0,122.0
21331098,29995640,402,4026417.0,89.0
21331099,22046364,293,29995640.0,402.0
21331100,12035402,145,22046364.0,293.0
21331101,12355183,188,12035402.0,145.0
21331102,13938347,203,12355183.0,188.0
21331103,13963498,200,13938347.0,203.0
21331104,16597380,240,13963498.0,200.0
21331105,16357195,174,16597380.0,240.0
21331106,6941719,132,16357195.0,174.0
21331107,19142146,247,6941719.0,132.0
21331108,18824144,209,19142146.0,247.0
21331109,14889378,212,18824144.0,209.0
21331110,6965961,108,14889378.0,212.0
21331111,11328136,151,6965961.0,108.0
21331112,25266280,357,11328136.0,151.0
21331113,14451221,193,25266280.0,357.0
21331114,12745451,177,14451221.0,193.0
21331115,2408872,19,12745451.0,177.0
21331116,29991599,497,2408872.0,19.0
21331117,28608600,381,29991599.0,497.0
21331118,11416824,145,28608600.0,381.0
21331119,14582825,188,11416824.0,145.0
21331120,8799588,111,14582825.0,188.0
21331121,25227886,293,8799588.0,111.0
21331122,13569991,153,25227886.0,293.0
21331123,13137143,143,13569991.0,153.0
21331124,21023743,248,13137143.0,143.0
21331125,16510154,198,21023743.0,248.0
21331126,11471643,162,16510154.0,198.0
21331127,17465548,237,11471643.0,162.0
21331128,12784716,162,17465548.0,237.0
21331129,24758516,315,12784716.0,162.0
21331130,14463040,203,24758516.0,315.0
21331131,10460574,139,14463040.0,203.0
21331132,16445729,237,10460574.0,139.0
21331133,11218535,165,16445729.0,237.0
21331134,23128346,241,11218535.0,165.0
21331135,9455318,159,23128346.0,241.0
21331136,19297158,258,9455318.0,159.0
21331137,21165229,216,19297158.0,258.0
21331138,7545280,129,21165229.0,216.0
21331139,23421060,297,7545280.0,129.0
21331140,17053246,191,23421060.0,297.0
21331141,15974392,215,17053246.0,191.0
21331142,4259533,75,15974392.0,215.0
21331143,19835786,295,4259533.0,75.0
21331144,12532255,171,19835786.0,295.0
21331145,13867492,191,12532255.0,171.0
21331146,18034037,229,13867492.0,191.0
21331147,9527516,145,18034037.0,229.0
21331148,15106125,237,9527516.0,145.0
21331149,13949071,214,15106125.0,237.0
21331150,9032334,138,13949071.0,214.0
21331151,22123488,330,9032334.0,138.0
21331152,12039875,174,22123488.0,330.0
21331153,9481811,129,12039875.0,174.0
21331154,20132778,254,9481811.0,129.0
21331155,13350500,150,20132778.0,254.0
21331156,6444368,113,13350500.0,150.0
21331157,29772561,349,6444368.0,113.0
21331158,12105015,156,29772561.0,349.0
21331159,17534889,237,12105015.0,156.0
21331160,21386711,158,17534889.0,237.0
21331161,10614038,151,21386711.0,158.0
21331162,15797216,178,10614038.0,151.0
21331163,14811030,199,15797216.0,178.0
21331164,16468002,248,14811030.0,199.0
21331165,9678031,132,16468002.0,248.0
21331166,14533216,196,9678031.0,132.0
21331167,14915337,250,14533216.0,196.0
21331168,19264720,188,14915337.0,250.0
21331169,13580721,161,19264720.0,188.0
21331170,14797388,216,13580721.0,161.0
21331171,12612265,196,14797388.0,216.0
21331172,5509326,111,12612265.0,196.0
21331173,19079766,266,5509326.0,111.0
21331174,14546755,192,19079766.0,266.0
21331175,13505886,193,14546755.0,192.0
21331176,15206403,188,13505886.0,193.0
21331177,19554454,213,15206403.0,188.0
21331178,11353849,149,19554454.0,213.0
21331179,14394480,161,11353849.0,149.0
21331180,15789870,178,14394480.0,161.0
21331181,16373820,206,15789870.0,178.0
21331182,12109072,171,16373820.0,206.0
21331183,15916761,203,12109072.0,171.0
21331184,15694541,225,15916761.0,203.0
21331185,9792431,122,15694541.0,225.0
21331186,21521494,287,9792431.0,122.0
21331187,12639815,171,21521494.0,287.0
21331188,11418277,175,12639815.0,171.0
21331189,16095367,208,11418277.0,175.0
21331190,12160752,160,16095367.0,208.0
21331191,16597252,264,12160752.0,160.0
21331192,13117535,183,16597252.0,264.0
21331193,16360861,227,13117535.0,183.0
21331194,10995046,151,16360861.0,227.0
21331195,12261969,194,10995046.0,151.0
21331196,20120418,230,12261969.0,194.0
21331197,11420551,169,20120418.0,230.0
21331198,16885623,221,11420551.0,169.0
21331199,14688086,186,16885623.0,221.0
21331200,6848470,111,14688086.0,186.0
21331201,20761136,243,6848470.0,111.0
21331202,16089217,196,20761136.0,243.0
21331203,11114154,155,16089217.0,196.0
21331204,12416910,186,11114154.0,155.0
21331205,7160262,104,12416910.0,186.0
21331206,29979532,430,7160262.0,104.0
21331207,13505646,176,29979532.0,430.0
21331208,12607528,165,13505646.0,176.0
21331209,15359419,216,12607528.0,165.0
21331210,17511491,194,15359419.0,216.0
21331211,15785569,201,17511491.0,194.0
21331212,12629108,170,15785569.0,201.0
21331213,14768920,215,12629108.0,170.0
21331214,15548417,203,14768920.0,215.0
21331215,13194792,158,15548417.0,203.0
21331216,12971180,185,13194792.0,158.0
21331217,20534426,239,12971180.0,185.0
21331218,11220718,168,20534426.0,239.0
21331219,17646784,229,11220718.0,168.0
21331220,14608299,178,17646784.0,229.0
21331221,15825774,203,14608299.0,178.0
21331222,17292968,178,15825774.0,203.0
21331223,5229259,86,17292968.0,178.0
21331224,12313627,171,5229259.0,86.0
21331225,27852385,261,12313627.0,171.0
21331226,19170962,184,27852385.0,261.0
21331227,13863149,150,19170962.0,184.0
21331228,8972957,138,13863149.0,150.0
21331229,9071531,164,8972957.0,138.0
21331230,12620749,154,9071531.0,164.0
21331231,23961760,255,12620749.0,154.0
21331232,9044563,138,23961760.0,255.0
21331233,25307639,242,9044563.0,138.0
21331234,8919361,147,25307639.0,242.0
21331235,19707459,292,8919361.0,147.0
21331236,7736697,123,19707459.0,292.0
21331237,22627050,269,7736697.0,123.0
21331238,14280827,202,22627050.0,269.0
21331239,17380024,174,14280827.0,202.0
21331240,16688507,196,17380024.0,174.0
21331241,13256066,163,16688507.0,196.0
21331242,12772073,167,13256066.0,163.0
21331243,14850921,192,12772073.0,167.0
21331244,14064032,194,14850921.0,192.0
21331245,16478691,182,14064032.0,194.0
21331246,6888879,121,16478691.0,182.0
21331247,23372422,394,6888879.0,121.0
21331248,15439869,192,23372422.0,394.0
21331249,15498037,204,15439869.0,192.0
21331250,12562173,168,15498037.0,204.0
21331251,23362857,233,12562173.0,168.0
21331252,10381420,149,23362857.0,233.0
21331253,9358919,142,10381420.0,149.0
21331254,17358023,230,9358919.0,142.0
21331255,15401288,227,17358023.0,230.0
21331256,15603069,203,15401288.0,227.0
21331257,10538959,126,15603069.0,203.0
21331258,6990022,135,10538959.0,126.0
21331259,22672326,373,6990022.0,135.0
21331260,23404821,302,22672326.0,373.0
21331261,14388315,201,23404821.0,302.0
21331262,14070192,232,14388315.0,201.0
21331263,13560605,196,14070192.0,232.0
21331264,10651664,164,13560605.0,196.0
21331265,20264052,285,10651664.0,164.0
21331266,20490352,233,20264052.0,285.0
21331267,12049418,161,20490352.0,233.0
21331268,3980643,85,12049418.0,161.0
21331269,27071477,373,3980643.0,85.0
21331270,14199257,163,27071477.0,373.0
21331271,15651507,201,14199257.0,163.0
21331272,9410900,134,15651507.0,201.0
21331273,6116764,92,9410900.0,134.0
21331274,28600905,282,6116764.0,92.0
21331275,11405872,175,28600905.0,282.0
21331276,19456966,251,11405872.0,175.0
21331277,11920539,153,19456966.0,251.0
21331278,11094671,145,11920539.0,153.0
21331279,15880166,210,11094671.0,145.0
21331280,26092368,267,15880166.0,210.0
21331281,13576152,183,26092368.0,267.0
21331282,13870460,184,13576152.0,183.0
21331283,14615671,172,13870460.0,184.0
21331284,15500794,201,14615671.0,172.0
21331285,11708327,144,15500794.0,201.0
21331286,15982919,236,11708327.0,144.0
21331287,12932701,164,15982919.0,236.0
21331288,15718298,234,12932701.0,164.0
21331289,16908980,267,15718298.0,234.0
21331290,12603273,175,16908980.0,267.0
21331291,20512071,271,12603273.0,175.0
21331292,10690227,137,20512071.0,271.0
21331293,13560226,183,10690227.0,137.0
21331294,14705999,212,13560226.0,183.0
21331295,13131678,173,14705999.0,212.0
21331296,17382548,230,13131678.0,173.0
21331297,9227906,115,17382548.0,230.0
21331298,21402675,244,9227906.0,115.0
21331299,10617065,149,21402675.0,244.0
21331300,24306351,275,10617065.0,149.0
21331301,15340032,200,24306351.0,275.0
21331302,16245660,202,15340032.0,200.0
21331303,22091962,197,16245660.0,202.0
21331304,23232167,239,22091962.0,197.0
21331305,16067776,162,23232167.0,239.0
21331306,14749426,172,16067776.0,162.0
21331307,14204625,177,14749426.0,172.0
21331308,12064090,155,14204625.0,177.0
21331309,16855946,214,12064090.0,155.0
21331310,17524235,137,16855946.0,214.0
21331311,10710919,143,17524235.0,137.0
21331312,14264432,228,10710919.0,143.0
21331313,10791261,183,14264432.0,228.0
21331314,19485209,243,10791261.0,183.0
21331315,12077165,167,19485209.0,243.0
21331316,15903096,195,12077165.0,167.0
21331317,10703276,154,15903096.0,195.0
21331318,17712410,224,10703276.0,154.0
21331319,15235939,215,17712410.0,224.0
21331320,9512484,114,15235939.0,215.0
21331321,24609268,399,9512484.0,114.0
21331322,13053458,198,24609268.0,399.0
21331323,16205604,182,13053458.0,198.0
21331324,8225855,133,16205604.0,182.0
21331325,17064443,244,8225855.0,133.0
21331326,14053233,221,17064443.0,244.0
21331327,22425983,198,14053233.0,221.0
21331328,11615086,159,22425983.0,198.0
21331329,16922489,177,11615086.0,159.0
21331330,17570652,171,16922489.0,177.0
21331331,13159466,157,17570652.0,171.0
21331332,12094549,150,13159466.0,157.0
21331333,18195776,246,12094549.0,150.0
21331334,4816433,77,18195776.0,246.0
21331335,29421536,470,4816433.0,77.0
21331336,16456070,227,29421536.0,470.0
21331337,11512224,136,16456070.0,227.0
21331338,14492437,224,11512224.0,136.0
21331339,18438486,239,14492437.0,224.0
21331340,14598849,203,18438486.0,239.0
21331341,14777241,230,14598849.0,203.0
21331342,23344283,327,14777241.0,230.0
21331343,9919814,123,23344283.0,327.0
21331344,15278714,173,9919814.0,123.0
21331345,10247318,123,15278714.0,173.0
21331346,15540226,209,10247318.0,123.0
21331347,20361941,234,15540226.0,209.0
21331348,20521731,176,20361941.0,234.0
21331349,14997223,166,20521731.0,176.0
21331350,10736811,145,14997223.0,166.0
21331351,16121790,192,10736811.0,145.0
21331352,12683204,153,16121790.0,192.0
21331353,15340305,214,12683204.0,153.0
21331354,15785812,194,15340305.0,214.0
21331355,8925357,118,15785812.0,194.0
21331356,20965098,217,8925357.0,118.0
21331357,14642560,106,20965098.0,217.0
21331358,18921207,210,14642560.0,106.0
21331359,11432005,129,18921207.0,210.0
21331360,14582361,165,11432005.0,129.0
21331361,13069559,181,14582361.0,165.0
21331362,10478317,113,13069559.0,181.0
21331363,23270789,302,10478317.0,113.0
21331364,1251466,9,23270789.0,302.0
21331365,22833242,399,1251466.0,9.0
21331366,19446276,269,22833242.0,399.0
21331367,14604346,173,19446276.0,269.0
21331368,13969502,159,14604346.0,173.0
21331369,17140122,200,13969502.0,159.0
21331370,4448900,76,17140122.0,200.0
21331371,16598792,201,4448900.0,76.0
21331372,19055035,222,16598792.0,201.0
21331373,13971878,158,19055035.0,222.0
21331374,13644120,163,13971878.0,158.0
21331375,12818523,145,13644120.0,163.0
21331376,13328751,154,12818523.0,145.0
21331377,16846563,163,13328751.0,154.0
21331378,12848920,154,16846563.0,163.0
21331379,14100068,196,12848920.0,154.0
21331380,4624537,34,14100068.0,196.0
21331381,26820630,429,4624537.0,34.0
21331382,17991649,198,26820630.0,429.0
21331383,8232405,108,17991649.0,198.0
21331384,17190910,269,8232405.0,108.0
21331385,16908713,204,17190910.0,269.0
21331386,10891501,138,16908713.0,204.0
21331387,19002951,240,10891501.0,138.0
21331388,12249962,157,19002951.0,240.0
21331389,18684228,185,12249962.0,157.0
21331390,12788943,148,18684228.0,185.0
21331391,29999585,261,12788943.0,148.0
21331392,16778393,208,29999585.0,261.0
21331393,14825947,186,16778393.0,208.0
21331394,16705308,207,14825947.0,186.0
21331395,12772317,129,16705308.0,207.0
21331396,14467135,147,12772317.0,129.0
21331397,7295145,109,14467135.0,147.0
21331398,25242467,281,7295145.0,109.0
21331399,16753334,188,25242467.0,281.0
21331400,12509584,142,16753334.0,188.0
21331401,18361922,163,12509584.0,142.0
21331402,11470080,149,18361922.0,163.0
21331403,15745843,177,11470080.0,149.0
21331404,16019498,194,15745843.0,177.0
21331405,7356245,105,16019498.0,194.0
21331406,21075223,281,7356245.0,105.0
21331407,9660669,138,21075223.0,281.0
21331408,14703207,168,9660669.0,138.0
21331409,13967079,185,14703207.0,168.0
21331410,11859028,184,13967079.0,185.0
21331411,17591922,208,11859028.0,184.0
21331412,13120245,156,17591922.0,208.0
21331413,15184505,184,13120245.0,156.0
21331414,13706291,189,15184505.0,184.0
21331415,7982945,148,13706291.0,189.0
21331416,16408468,306,7982945.0,148.0
21331417,5042175,32,16408468.0,306.0
21331418,29273150,449,5042175.0,32.0
21331419,25142296,309,29273150.0,449.0
21331420,9252065,140,25142296.0,309.0
21331421,14956092,160,9252065.0,140.0
21331422,14753710,197,14956092.0,160.0
21331423,15306335,178,14753710.0,197.0
21331424,17729032,244,15306335.0,178.0
21331425,15814203,197,17729032.0,244.0
21331426,9029013,173,15814203.0,197.0
21331427,25526806,259,9029013.0,173.0
21331428,13152497,186,25526806.0,259.0
21331429,23918933,235,13152497.0,186.0
21331430,10456910,121,23918933.0,235.0
21331431,19969882,230,10456910.0,121.0
21331432,9395806,119,19969882.0,230.0
21331433,19815055,221,9395806.0,119.0
21331434,11770574,178,19815055.0,221.0
21331435,12623718,137,11770574.0,178.0
21331436,14334591,227,12623718.0,137.0
21331437,6597893,121,14334591.0,227.0
21331438,29990329,324,6597893.0,121.0
21331439,20536343,249,29990329.0,324.0
21331440,16573188,171,20536343.0,249.0
21331441,25451947,226,16573188.0,171.0
21331442,6476432,95,25451947.0,226.0
21331443,13264484,167,6476432.0,95.0
21331444,25662092,296,13264484.0,167.0
21331445,13555007,187,25662092.0,296.0
21331446,7755507,135,13555007.0,187.0
21331447,10347321,137,7755507.0,135.0
21331448,7691481,120,10347321.0,137.0
21331449,29990284,324,7691481.0,120.0
21331450,19444001,218,29990284.0,324.0
21331451,21198310,210,19444001.0,218.0
21331452,11617961,165,21198310.0,210.0
21331453,16412127,181,11617961.0,165.0
21331454,8146193,119,16412127.0,181.0
21331455,25541935,254,8146193.0,119.0
21331456,9977990,123,25541935.0,254.0
21331457,7519115,130,9977990.0,123.0
21331458,23904888,201,7519115.0,130.0
21331459,16724481,247,23904888.0,201.0
21331460,8310799,144,16724481.0,247.0
21331461,29998290,377,8310799.0,144.0
21331462,20213910,185,29998290.0,377.0
21331463,21090400,196,20213910.0,185.0
21331464,17759251,206,21090400.0,196.0
21331465,17329548,140,17759251.0,206.0
21331466,6104350,73,17329548.0,140.0
21331467,22287601,241,6104350.0,73.0
21331468,15790866,178,22287601.0,241.0
21331469,14041749,168,15790866.0,178.0
21331470,14098597,122,14041749.0,168.0
21331471,19584585,260,14098597.0,122.0
21331472,6224255,42,19584585.0,260.0
21331473,19553284,300,6224255.0,42.0
21331474,10888244,131,19553284.0,300.0
21331475,15066019,201,10888244.0,131.0
21331476,13498063,171,15066019.0,201.0
21331477,11406698,155,13498063.0,171.0
21331478,22319285,251,11406698.0,155.0
21331479,14459921,190,22319285.0,251.0
21331480,13558468,161,14459921.0,190.0
21331481,14493024,183,13558468.0,161.0
21331482,11201575,162,14493024.0,183.0
21331483,19450036,253,11201575.0,162.0
21331484,8582445,105,19450036.0,253.0
21331485,10996805,116,8582445.0,105.0
21331486,22291090,332,10996805.0,116.0
21331487,17910003,209,22291090.0,332.0
21331488,19579372,174,17910003.0,209.0
21331489,14554782,172,19579372.0,174.0
21331490,12750968,169,14554782.0,172.0
21331491,12737889,145,12750968.0,169.0
21331492,22519167,257,12737889.0,145.0
21331493,16739520,169,22519167.0,257.0
21331494,7815021,122,16739520.0,169.0
21331495,13137485,195,7815021.0,122.0
21331496,9770480,128,13137485.0,195.0
21331497,22167507,210,9770480.0,128.0
21331498,13093721,183,22167507.0,210.0
21331499,10529134,159,13093721.0,183.0
21331500,17257727,176,10529134.0,159.0
21331501,10824473,137,17257727.0,176.0
21331502,25970673,316,10824473.0,137.0
21331503,13899858,169,25970673.0,316.0
21331504,10462091,157,13899858.0,169.0
21331505,16627809,168,10462091.0,157.0
21331506,14217868,189,16627809.0,168.0
21331507,16673782,186,14217868.0,189.0
21331508,9196660,139,16673782.0,186.0
21331509,24676972,306,9196660.0,139.0
21331510,5998402,96,24676972.0,306.0
21331511,9247459,61,5998402.0,96.0
21331512,29975802,484,9247459.0,61.0
21331513,15772093,185,29975802.0,484.0
21331514,11093637,159,15772093.0,185.0
21331515,14863298,179,11093637.0,159.0
21331516,10274157,151,14863298.0,179.0
21331517,20407228,235,10274157.0,151.0
21331518,14371244,195,20407228.0,235.0
21331519,16789764,205,14371244.0,195.0
21331520,8811531,127,16789764.0,205.0
21331521,16090609,169,8811531.0,127.0
21331522,14329584,176,16090609.0,169.0
21331523,17278197,202,14329584.0,176.0
21331524,12017992,151,17278197.0,202.0
21331525,15283824,187,12017992.0,151.0
21331526,14642264,202,15283824.0,187.0
21331527,9813747,157,14642264.0,202.0
21331528,17699017,228,9813747.0,157.0
21331529,16186068,199,17699017.0,228.0
21331530,14293651,189,16186068.0,199.0
21331531,11372529,187,14293651.0,189.0
21331532,11056068,161,11372529.0,187.0
21331533,17708501,280,11056068.0,161.0
21331534,24916154,262,17708501.0,280.0
21331535,12195939,130,24916154.0,262.0
21331536,14477056,219,12195939.0,130.0
21331537,15407562,185,14477056.0,219.0
21331538,15619012,185,15407562.0,185.0
21331539,12406821,171,15619012.0,185.0
21331540,14224442,240,12406821.0,171.0
21331541,14271609,194,14224442.0,240.0
21331542,7121717,120,14271609.0,194.0
21331543,29997195,609,7121717.0,120.0
21331544,13203289,210,29997195.0,609.0
21331545,7067340,139,13203289.0,210.0
21331546,8765440,153,7067340.0,139.0
21331547,25784980,362,8765440.0,153.0
21331548,18308327,217,25784980.0,362.0
21331549,11012722,152,18308327.0,217.0
21331550,15512777,192,11012722.0,152.0
21331551,12855749,143,15512777.0,192.0
21331552,13402145,182,12855749.0,143.0
21331553,9580790,122,13402145.0,182.0
21331554,14596944,210,9580790.0,122.0
21331555,19251498,220,14596944.0,210.0
21331556,10318348,155,19251498.0,220.0
21331557,23767032,306,10318348.0,155.0
21331558,15207083,192,23767032.0,306.0
21331559,13542680,201,15207083.0,192.0
21331560,11392290,130,13542680.0,201.0
21331561,17787801,200,11392290.0,130.0
21331562,17301553,246,17787801.0,200.0
21331563,16009569,176,17301553.0,246.0
21331564,10587637,144,16009569.0,176.0
21331565,15936304,249,10587637.0,144.0
21331566,10754193,155,15936304.0,249.0
21331567,17758951,244,10754193.0,155.0
21331568,18567459,283,17758951.0,244.0
21331569,3041624,54,18567459.0,283.0
21331570,17983945,289,3041624.0,54.0
21331571,20961848,267,17983945.0,289.0
21331572,9817039,144,20961848.0,267.0
21331573,15909526,182,9817039.0,144.0
21331574,14979869,182,15909526.0,182.0
21331575,13269535,173,14979869.0,182.0
21331576,18628002,233,13269535.0,173.0
21331577,13140165,197,18628002.0,233.0
21331578,14772245,177,13140165.0,197.0
21331579,13253007,189,14772245.0,177.0
21331580,16218675,167,13253007.0,189.0
21331581,13463313,167,16218675.0,167.0
21331582,15019266,177,13463313.0,167.0
21331583,10847370,201,15019266.0,177.0
21331584,7355256,135,10847370.0,201.0
21331585,25361038,359,7355256.0,135.0
21331586,11224309,150,25361038.0,359.0
21331587,22994190,280,11224309.0,150.0
21331588,15729807,161,22994190.0,280.0
21331589,9290277,135,15729807.0,161.0
21331590,18046638,212,9290277.0,135.0
21331591,13194809,171,18046638.0,212.0
21331592,21180906,235,13194809.0,171.0
21331593,15754449,184,21180906.0,235.0
21331594,5061088,88,15754449.0,184.0
21331595,29988279,264,5061088.0,88.0
21331596,16851214,250,29988279.0,264.0
21331597,15774965,176,16851214.0,250.0
21331598,9482882,158,15774965.0,176.0
21331599,23930549,247,9482882.0,158.0
21331600,10376887,106,23930549.0,247.0
21331601,12332244,145,10376887.0,106.0
21331602,13859070,186,12332244.0,145.0
21331603,17124006,211,13859070.0,186.0
21331604,13497051,186,17124006.0,211.0
21331605,16967323,217,13497051.0,186.0
21331606,21040929,221,16967323.0,217.0
21331607,12096409,143,21040929.0,221.0
21331608,17731447,216,12096409.0,143.0
21331609,13765185,195,17731447.0,216.0
21331610,16933545,202,13765185.0,195.0
21331611,21051460,201,16933545.0,202.0
21331612,13271515,133,21051460.0,201.0
21331613,27688145,286,13271515.0,133.0
21331614,12795504,143,27688145.0,286.0
21331615,12310923,160,12795504.0,143.0
21331616,20505853,210,12310923.0,160.0
21331617,12972210,160,20505853.0,210.0
21331618,20334990,234,12972210.0,160.0
21331619,12969611,131,20334990.0,234.0
21331620,12641989,159,12969611.0,131.0
21331621,14318967,181,12641989.0,159.0
21331622,13382453,158,14318967.0,181.0
21331623,14960775,217,13382453.0,158.0
21331624,24963727,339,14960775.0,217.0
21331625,18781983,223,24963727.0,339.0
21331626,5855083,39,18781983.0,223.0
21331627,20324024,308,5855083.0,39.0
21331628,21985829,233,20324024.0,308.0
21331629,16111117,175,21985829.0,233.0
21331630,8951737,130,16111117.0,175.0
21331631,21446439,229,8951737.0,130.0
21331632,17765558,221,21446439.0,229.0
21331633,17546903,200,17765558.0,221.0
21331634,11777620,160,17546903.0,200.0
21331635,12308616,166,11777620.0,160.0
21331636,19600011,208,12308616.0,166.0
21331637,13909542,184,19600011.0,208.0
21331638,15798235,188,13909542.0,184.0
21331639,16393166,156,15798235.0,188.0
21331640,20257694,168,16393166.0,156.0
21331641,1050320,8,20257694.0,168.0
21331642,17210754,291,1050320.0,8.0
21331643,25513087,274,17210754.0,291.0
21331644,4015472,21,25513087.0,274.0
21331645,29972919,302,4015472.0,21.0
21331646,15383266,179,29972919.0,302.0
21331647,14274435,193,15383266.0,179.0
21331648,13534832,148,14274435.0,193.0
21331649,16290998,213,13534832.0,148.0
21331650,13274709,172,16290998.0,213.0
21331651,15324546,179,13274709.0,172.0
21331652,17297264,202,15324546.0,179.0
21331653,14341996,179,17297264.0,202.0
21331654,13161195,166,14341996.0,179.0
21331655,14012081,175,13161195.0,166.0
21331656,16188110,193,14012081.0,175.0
21331657,13604233,182,16188110.0,193.0
21331658,14076615,193,13604233.0,182.0
21331659,24487707,305,14076615.0,193.0
21331660,12697589,162,24487707.0,305.0
21331661,17391235,219,12697589.0,162.0
21331662,12589383,152,17391235.0,219.0
21331663,15058921,205,12589383.0,152.0
21331664,11134004,178,15058921.0,205.0
21331665,16533481,176,11134004.0,178.0
21331666,17258441,222,16533481.0,176.0
21331667,15718232,200,17258441.0,222.0
21331668,11387586,138,15718232.0,200.0
21331669,6576212,117,11387586.0,138.0
21331670,8387604,150,6576212.0,117.0
21331671,1596237,9,8387604.0,150.0
21331672,24760016,475,1596237.0,9.0
21331673,29983293,329,24760016.0,475.0
21331674,19756980,269,29983293.0,329.0
21331675,14091151,165,19756980.0,269.0
21331676,15636247,189,14091151.0,165.0
21331677,11021903,175,15636247.0,189.0
21331678,15862753,191,11021903.0,175.0
21331679,11497366,157,15862753.0,191.0
21331680,16677560,173,11497366.0,157.0
21331681,14205488,158,16677560.0,173.0
21331682,17017137,244,14205488.0,158.0
21331683,16881855,179,17017137.0,244.0
21331684,14103426,201,16881855.0,179.0
21331685,14427422,234,14103426.0,201.0
21331686,10638991,153,14427422.0,234.0
21331687,18713495,320,10638991.0,153.0
21331688,15574505,218,18713495.0,320.0
21331689,9262694,154,15574505.0,218.0
21331690,12011226,145,9262694.0,154.0
21331691,15158403,203,12011226.0,145.0
21331692,15608218,246,15158403.0,203.0
21331693,19807966,272,15608218.0,246.0
21331694,6538209,105,19807966.0,272.0
21331695,18086178,223,6538209.0,105.0
21331696,21777045,294,18086178.0,223.0
21331697,12069906,171,21777045.0,294.0
21331698,9723924,148,12069906.0,171.0
21331699,16797824,225,9723924.0,148.0
21331700,10434865,142,16797824.0,225.0
21331701,15044539,198,10434865.0,142.0
21331702,14933869,242,15044539.0,198.0
21331703,15413047,214,14933869.0,242.0
21331704,5207046,103,15413047.0,214.0
21331705,22405878,259,5207046.0,103.0
21331706,6331982,48,22405878.0,259.0
21331707,24692407,322,6331982.0,48.0
21331708,14391128,151,24692407.0,322.0
21331709,16259806,179,14391128.0,151.0
21331710,4095534,67,16259806.0,179.0
21331711,10555630,184,4095534.0,67.0
21331712,16014449,208,10555630.0,184.0
21331713,25229038,403,16014449.0,208.0
21331714,13121769,200,25229038.0,403.0
21331715,14572999,177,13121769.0,200.0
21331716,13892643,151,14572999.0,177.0
21331717,20029431,246,13892643.0,151.0
21331718,11528622,149,20029431.0,246.0
21331719,8092173,114,11528622.0,149.0
21331720,7714995,140,8092173.0,114.0
21331721,22810975,279,7714995.0,140.0
21331722,23302638,276,22810975.0,279.0
21331723,14567068,189,23302638.0,276.0
21331724,16692728,215,14567068.0,189.0
21331725,9452408,128,16692728.0,215.0
21331726,13749934,201,9452408.0,128.0
21331727,6493643,117,13749934.0,201.0
21331728,24335919,292,6493643.0,117.0
21331729,14255070,172,24335919.0,292.0
21331730,6605858,95,14255070.0,172.0
21331731,25922834,305,6605858.0,95.0
21331732,18209998,190,25922834.0,305.0
21331733,10898444,160,18209998.0,190.0
21331734,13548220,172,10898444.0,160.0
21331735,15402596,192,13548220.0,172.0
21331736,6674749,84,15402596.0,192.0
21331737,20990206,379,6674749.0,84.0
21331738,13949204,192,20990206.0,379.0
21331739,14729657,212,13949204.0,192.0
21331740,7762247,125,14729657.0,212.0
21331741,21374476,264,7762247.0,125.0
21331742,16856049,212,21374476.0,264.0
21331743,15430282,188,16856049.0,212.0
21331744,11792774,160,15430282.0,188.0
21331745,13833246,180,11792774.0,160.0
21331746,21068107,224,13833246.0,180.0
21331747,12365712,172,21068107.0,224.0
21331748,18285914,207,12365712.0,172.0
21331749,12250530,161,18285914.0,207.0
21331750,12771378,207,12250530.0,161.0
21331751,15595376,197,12771378.0,207.0
21331752,14346073,206,15595376.0,197.0
21331753,15530625,210,14346073.0,206.0
21331754,12474870,197,15530625.0,210.0
21331755,15668188,199,12474870.0,197.0
21331756,17294183,188,15668188.0,199.0
21331757,17859116,235,17294183.0,188.0
21331758,8871459,111,17859116.0,235.0
21331759,15894975,201,8871459.0,111.0
21331760,13390738,165,15894975.0,201.0
21331761,16684197,223,13390738.0,165.0
21331762,14078513,193,16684197.0,223.0
21331763,12752127,197,14078513.0,193.0
21331764,14905130,213,12752127.0,197.0
21331765,10169398,162,14905130.0,213.0
21331766,16376549,246,10169398.0,162.0
21331767,11578237,191,16376549.0,246.0
21331768,22636555,255,11578237.0,191.0
21331769,15115252,188,22636555.0,255.0
21331770,12423449,121,15115252.0,188.0
21331771,12059716,173,12423449.0,121.0
21331772,6977039,112,12059716.0,173.0
21331773,26964389,323,6977039.0,112.0
21331774,12958058,138,26964389.0,323.0
21331775,17401185,209,12958058.0,138.0
21331776,16341867,181,17401185.0,209.0
21331777,11786279,159,16341867.0,181.0
21331778,17638053,224,11786279.0,159.0
21331779,12493558,211,17638053.0,224.0
21331780,10554111,130,12493558.0,211.0
21331781,14515206,223,10554111.0,130.0
21331782,24767876,297,14515206.0,223.0
21331783,4732875,97,24767876.0,297.0
21331784,22936063,216,4732875.0,97.0
21331785,14820717,194,22936063.0,216.0
21331786,13117670,207,14820717.0,194.0
21331787,22953015,261,13117670.0,207.0
21331788,12888334,142,22953015.0,261.0
21331789,12071442,159,12888334.0,142.0
21331790,11823327,161,12071442.0,159.0
21331791,16990863,184,11823327.0,161.0
21331792,20366404,264,16990863.0,184.0
21331793,13540416,167,20366404.0,264.0
21331794,16338992,224,13540416.0,167.0
21331795,15367931,174,16338992.0,224.0
21331796,12870411,155,15367931.0,174.0
21331797,15996463,186,12870411.0,155.0
21331798,15256678,196,15996463.0,186.0
21331799,18391264,225,15256678.0,196.0
21331800,8900428,108,18391264.0,225.0
21331801,6528049,137,8900428.0,108.0
21331802,27588693,360,6528049.0,137.0
21331803,16073126,180,27588693.0,360.0
21331804,7163534,119,16073126.0,180.0
21331805,21895133,268,7163534.0,119.0
21331806,16506693,213,21895133.0,268.0
21331807,12439307,173,16506693.0,213.0
21331808,15509745,260,12439307.0,173.0
21331809,14847300,190,15509745.0,260.0
21331810,12536966,174,14847300.0,190.0
21331811,7602158,135,12536966.0,174.0
21331812,19051392,252,7602158.0,135.0
21331813,15170045,188,19051392.0,252.0
21331814,20954356,240,15170045.0,188.0
21331815,13811722,153,20954356.0,240.0
21331816,13241056,172,13811722.0,153.0
21331817,20909485,258,13241056.0,172.0
21331818,12152816,144,20909485.0,258.0
21331819,12325187,192,12152816.0,144.0
21331820,9899995,192,12325187.0,192.0
21331821,23066347,283,9899995.0,192.0
21331822,14608043,173,23066347.0,283.0
21331823,13106838,153,14608043.0,173.0
21331824,18739812,174,13106838.0,153.0
21331825,6181493,101,18739812.0,174.0
21331826,17257759,219,6181493.0,101.0
21331827,15283776,213,17257759.0,219.0
21331828,15627795,180,15283776.0,213.0
21331829,11286569,156,15627795.0,180.0
21331830,15168625,177,11286569.0,156.0
21331831,12770697,191,15168625.0,177.0
21331832,17550585,289,12770697.0,191.0
21331833,16765860,221,17550585.0,289.0
21331834,17625840,203,16765860.0,221.0
21331835,13190090,189,17625840.0,203.0
21331836,12207467,141,13190090.0,189.0
21331837,8724398,159,12207467.0,141.0
21331838,24579096,378,8724398.0,159.0
21331839,20378993,286,24579096.0,378.0
21331840,13423377,156,20378993.0,286.0
21331841,15410524,199,13423377.0,156.0
21331842,9840365,51,15410524.0,199.0
21331843,21012060,334,9840365.0,51.0
21331844,13793719,167,21012060.0,334.0
21331845,15637518,207,13793719.0,167.0
21331846,14438378,225,15637518.0,207.0
21331847,8996377,146,14438378.0,225.0
21331848,19626711,276,8996377.0,146.0
21331849,15558220,214,19626711.0,276.0
21331850,13762312,150,15558220.0,214.0
21331851,14146865,199,13762312.0,150.0
21331852,15304801,181,14146865.0,199.0
21331853,12391409,143,15304801.0,181.0
21331854,12061037,175,12391409.0,143.0
21331855,21827119,304,12061037.0,175.0
21331856,13828088,176,21827119.0,304.0
21331857,17693677,205,13828088.0,176.0
21331858,13319531,168,17693677.0,205.0
21331859,15043213,186,13319531.0,168.0
21331860,12283960,153,15043213.0,186.0
21331861,11693044,204,12283960.0,153.0
21331862,18981882,270,11693044.0,204.0
21331863,13122662,189,18981882.0,270.0
21331864,13704783,202,13122662.0,189.0
21331865,320647,3,13704783.0,202.0
21331866,29987119,470,320647.0,3.0
21331867,21480799,238,29987119.0,470.0
21331868,14318646,190,21480799.0,238.0
21331869,10678525,151,14318646.0,190.0
21331870,14689045,182,10678525.0,151.0
21331871,13020488,188,14689045.0,182.0
21331872,12595554,171,13020488.0,188.0
21331873,18005873,213,12595554.0,171.0
21331874,15038510,190,18005873.0,213.0
21331875,10412554,130,15038510.0,190.0
21331876,20709916,280,10412554.0,130.0
21331877,15265969,219,20709916.0,280.0
21331878,15375399,197,15265969.0,219.0
21331879,13428086,169,15375399.0,197.0
21331880,15139909,218,13428086.0,169.0
21331881,14531458,163,15139909.0,218.0
21331882,14956208,196,14531458.0,163.0
21331883,15117446,169,14956208.0,196.0
21331884,15722393,211,15117446.0,169.0
21331885,12202603,182,15722393.0,211.0
21331886,17674775,275,12202603.0,182.0
21331887,14998225,187,17674775.0,275.0
21331888,12543669,178,14998225.0,187.0
21331889,14508956,228,12543669.0,178.0
21331890,10098083,128,14508956.0,228.0
21331891,13614617,214,10098083.0,128.0
21331892,18773981,256,13614617.0,214.0
21331893,11352484,170,18773981.0,256.0
21331894,9386195,151,11352484.0,170.0
21331895,17469829,204,9386195.0,151.0
21331896,21062917,233,17469829.0,204.0
21331897,10738248,135,21062917.0,233.0
21331898,21151782,283,10738248.0,135.0
21331899,13332932,193,21151782.0,283.0
21331900,10435616,155,13332932.0,193.0
21331901,21595627,193,10435616.0,155.0
21331902,18538493,219,21595627.0,193.0
21331903,14419643,177,18538493.0,219.0
21331904,12610375,162,14419643.0,177.0
21331905,15197834,181,12610375.0,162.0
21331906,12023695,161,15197834.0,181.0
21331907,19015058,229,12023695.0,161.0
21331908,9689282,142,19015058.0,229.0
21331909,13634403,223,9689282.0,142.0
21331910,24419549,217,13634403.0,223.0
21331911,13842459,184,24419549.0,217.0
21331912,15839518,202,13842459.0,184.0
21331913,12721290,178,15839518.0,202.0
21331914,14772250,206,12721290.0,178.0
21331915,13387586,178,14772250.0,206.0
21331916,12536030,188,13387586.0,178.0
21331917,25512598,275,12536030.0,188.0
21331918,17664260,138,25512598.0,275.0
21331919,13308508,156,17664260.0,138.0
21331920,14841542,175,13308508.0,156.0
21331921,15219640,183,14841542.0,175.0
21331922,12918625,164,15219640.0,183.0
21331923,15720791,199,12918625.0,164.0
21331924,14437304,207,15720791.0,199.0
21331925,20745464,209,14437304.0,207.0
21331926,10312864,169,20745464.0,209.0
21331927,20848296,186,10312864.0,169.0
21331928,13404661,161,20848296.0,186.0
21331929,20311031,196,13404661.0,161.0
21331930,4637357,62,20311031.0,196.0
21331931,18274455,256,4637357.0,62.0
21331932,17173669,224,18274455.0,256.0
21331933,10987676,121,17173669.0,224.0
21331934,18718375,216,10987676.0,121.0
21331935,17489280,191,18718375.0,216.0
21331936,17993649,174,17489280.0,191.0
21331937,14419381,220,17993649.0,174.0
21331938,11856350,195,14419381.0,220.0
21331939,14608021,224,11856350.0,195.0
21331940,19133264,149,14608021.0,224.0
21331941,4805550,71,19133264.0,149.0
21331942,24373027,343,4805550.0,71.0
21331943,16365005,199,24373027.0,343.0
21331944,14420372,187,16365005.0,199.0
21331945,14147510,163,14420372.0,187.0
21331946,13270044,169,14147510.0,163.0
21331947,12759778,176,13270044.0,169.0
21331948,11601115,162,12759778.0,176.0
21331949,13505833,194,11601115.0,162.0
21331950,16799014,223,13505833.0,194.0
21331951,17739713,166,16799014.0,223.0
21331952,15244424,213,17739713.0,166.0
21331953,17116443,195,15244424.0,213.0
21331954,14393377,175,17116443.0,195.0
21331955,13472705,153,14393377.0,175.0
21331956,12744797,156,13472705.0,153.0
21331957,23778107,217,12744797.0,156.0
21331958,13417789,158,23778107.0,217.0
21331959,19869468,168,13417789.0,158.0
21331960,4959317,78,19869468.0,168.0
21331961,24525396,331,4959317.0,78.0
21331962,12630710,159,24525396.0,331.0
21331963,12891018,218,12630710.0,159.0
21331964,12289377,197,12891018.0,218.0
21331965,10461643,143,12289377.0,197.0
21331966,20974753,245,10461643.0,143.0
21331967,14718051,196,20974753.0,245.0
21331968,13384969,166,14718051.0,196.0
21331969,13745289,188,13384969.0,166.0
21331970,9733867,139,13745289.0,188.0
21331971,14692353,204,9733867.0,139.0
21331972,14865618,192,14692353.0,204.0
21331973,18282621,235,14865618.0,192.0
21331974,10659015,155,18282621.0,235.0
21331975,6814725,121,10659015.0,155.0
21331976,23949428,369,6814725.0,121.0
21331977,7582236,130,23949428.0,369.0
21331978,23424578,282,7582236.0,130.0
21331979,13714553,174,23424578.0,282.0
21331980,12944465,157,13714553.0,174.0
21331981,13209361,180,12944465.0,157.0
21331982,16008130,249,13209361.0,180.0
21331983,15840791,206,16008130.0,249.0
21331984,18891044,229,15840791.0,206.0
21331985,13017575,213,18891044.0,229.0
21331986,8744982,124,13017575.0,213.0
21331987,29985725,308,8744982.0,124.0
21331988,14794475,209,29985725.0,308.0
21331989,15355984,218,14794475.0,209.0
21331990,8942127,155,15355984.0,218.0
21331991,15275343,226,8942127.0,155.0
21331992,22291954,199,15275343.0,226.0
21331993,6348899,114,22291954.0,199.0
21331994,21269920,269,6348899.0,114.0
21331995,24157048,242,21269920.0,269.0
21331996,11231698,160,24157048.0,242.0
21331997,16349824,278,11231698.0,160.0
21331998,14878362,232,16349824.0,278.0
21331999,10975658,156,14878362.0,232.0
21332000,13031847,186,10975658.0,156.0
21332001,12853835,191,13031847.0,186.0
21332002,22501300,326,12853835.0,191.0
21332003,14653873,191,22501300.0,326.0
21332004,10574295,164,14653873.0,191.0
21332005,16464347,190,10574295.0,164.0
21332006,4319063,71,16464347.0,190.0
21332007,28103795,410,4319063.0,71.0
21332008,16143349,197,28103795.0,410.0
21332009,14457782,208,16143349.0,197.0
21332010,10558954,134,14457782.0,208.0
21332011,17843694,242,10558954.0,134.0
21332012,15028475,192,17843694.0,242.0
21332013,11330709,136,15028475.0,192.0
21332014,15624791,226,11330709.0,136.0
21332015,9665331,154,15624791.0,226.0
21332016,15560491,217,9665331.0,154.0
21332017,13313973,182,15560491.0,217.0
21332018,14811589,226,13313973.0,182.0
21332019,6368040,85,14811589.0,226.0
21332020,18047037,283,6368040.0,85.0
21332021,19654750,229,18047037.0,283.0
21332022,13140267,186,19654750.0,229.0
21332023,10361048,134,13140267.0,186.0
21332024,12658707,164,10361048.0,134.0
21332025,10589413,170,12658707.0,164.0
21332026,13366119,166,10589413.0,170.0
21332027,17977999,219,13366119.0,166.0
21332028,15139044,216,17977999.0,219.0
21332029,20380906,201,15139044.0,216.0
21332030,11987901,169,20380906.0,201.0
21332031,14792768,188,11987901.0,169.0
21332032,12247198,173,14792768.0,188.0
21332033,12241831,190,12247198.0,173.0
21332034,20932971,409,12241831.0,190.0
21332035,11176055,162,20932971.0,409.0
21332036,16237364,247,11176055.0,162.0
21332037,17243550,197,16237364.0,247.0
21332038,13383203,185,17243550.0,197.0
21332039,5197133,87,13383203.0,185.0
21332040,23791917,366,5197133.0,87.0
21332041,14262239,190,23791917.0,366.0
21332042,15914259,225,14262239.0,190.0
21332043,13377601,191,15914259.0,225.0
21332044,15193523,189,13377601.0,191.0
21332045,11376138,146,15193523.0,189.0
21332046,19256797,230,11376138.0,146.0
21332047,13306852,189,19256797.0,230.0
21332048,6218098,29,13306852.0,189.0
21332049,27891067,341,6218098.0,29.0
21332050,15200498,195,27891067.0,341.0
21332051,11956731,137,15200498.0,195.0
21332052,19047613,218,11956731.0,137.0
21332053,12998805,154,19047613.0,218.0
21332054,18656210,220,12998805.0,154.0
21332055,12480750,170,18656210.0,220.0
21332056,12847195,155,12480750.0,170.0
21332057,9742882,142,12847195.0,155.0
21332058,20720980,275,9742882.0,142.0
21332059,6882983,101,20720980.0,275.0
21332060,17703361,227,6882983.0,101.0
21332061,16011181,204,17703361.0,227.0
21332062,15609628,202,16011181.0,204.0
21332063,11115020,145,15609628.0,202.0
21332064,15977837,240,11115020.0,145.0
21332065,13805341,190,15977837.0,240.0
21332066,19804378,227,13805341.0,190.0
21332067,12662521,167,19804378.0,227.0
21332068,15811667,196,12662521.0,167.0
21332069,12593201,175,15811667.0,196.0
21332070,11701653,159,12593201.0,175.0
21332071,17391742,194,11701653.0,159.0
21332072,19545546,227,17391742.0,194.0
21332073,17726117,209,19545546.0,227.0
21332074,14188526,170,17726117.0,209.0
21332075,11508938,160,14188526.0,170.0
21332076,13470549,173,11508938.0,160.0
21332077,14257239,179,13470549.0,173.0
21332078,18609940,233,14257239.0,179.0
21332079,15106650,180,18609940.0,233.0
21332080,15556813,160,15106650.0,180.0
21332081,8653536,135,15556813.0,160.0
21332082,19839794,255,8653536.0,135.0
21332083,11897718,156,19839794.0,255.0
21332084,16580244,209,11897718.0,156.0
21332085,9596836,169,16580244.0,209.0
21332086,21565097,330,9596836.0,169.0
21332087,18996792,219,21565097.0,330.0
21332088,9266527,122,18996792.0,219.0
21332089,18411530,240,9266527.0,122.0
21332090,12668394,182,18411530.0,240.0
21332091,16561669,190,12668394.0,182.0
21332092,14777005,174,16561669.0,190.0
21332093,12994001,189,14777005.0,174.0
21332094,11252304,173,12994001.0,189.0
21332095,14363195,214,11252304.0,173.0
21332096,14758254,189,14363195.0,214.0
21332097,17708774,175,14758254.0,189.0
21332098,5397492,89,17708774.0,175.0
21332099,14335023,216,5397492.0,89.0
21332100,22501994,234,14335023.0,216.0
21332101,22247469,224,22501994.0,234.0
21332102,15885681,180,22247469.0,224.0
21332103,17853812,162,15885681.0,180.0
21332104,13657353,168,17853812.0,162.0
21332105,12094253,177,13657353.0,168.0
21332106,11941950,143,12094253.0,177.0
21332107,7754669,34,11941950.0,143.0
21332108,24720709,384,7754669.0,34.0
21332109,14936771,169,24720709.0,384.0
21332110,8983587,121,14936771.0,169.0
21332111,22883510,289,8983587.0,121.0
21332112,18481493,196,22883510.0,289.0
21332113,13281350,162,18481493.0,196.0
21332114,11987076,168,13281350.0,162.0
21332115,15413278,190,11987076.0,168.0
21332116,15093171,209,15413278.0,190.0
21332117,18132648,158,15093171.0,209.0
21332118,15763097,166,18132648.0,158.0
21332119,15128642,182,15763097.0,166.0
21332120,14461507,165,15128642.0,182.0
21332121,29987035,170,14461507.0,165.0
21332122,8633007,91,29987035.0,170.0
21332123,15177155,187,8633007.0,91.0
21332124,9939266,128,15177155.0,187.0
21332125,14263040,168,9939266.0,128.0
21332126,16999172,195,14263040.0,168.0
21332127,16901024,194,16999172.0,195.0
21332128,7063349,106,16901024.0,194.0
21332129,22587897,299,7063349.0,106.0
21332130,12545834,160,22587897.0,299.0
21332131,18036487,213,12545834.0,160.0
21332132,15668909,226,18036487.0,213.0
21332133,27794776,170,15668909.0,226.0
21332134,22939362,295,27794776.0,170.0
21332135,14450707,158,22939362.0,295.0
21332136,6888906,100,14450707.0,158.0
21332137,16243442,199,6888906.0,100.0
21332138,19891491,254,16243442.0,199.0
21332139,21221158,229,19891491.0,254.0
21332140,8021152,118,21221158.0,229.0
21332141,15434947,195,8021152.0,118.0
21332142,12522147,170,15434947.0,195.0
21332143,13927457,177,12522147.0,170.0
21332144,9310006,126,13927457.0,177.0
21332145,15153709,188,9310006.0,126.0
21332146,17694744,221,15153709.0,188.0
21332147,14099207,189,17694744.0,221.0
21332148,10718533,149,14099207.0,189.0
21332149,14001182,227,10718533.0,149.0
21332150,13539059,142,14001182.0,227.0
21332151,13922557,171,13539059.0,142.0
21332152,15610825,170,13922557.0,171.0
21332153,10887326,158,15610825.0,170.0
21332154,19182421,313,10887326.0,158.0
21332155,9152521,134,19182421.0,313.0
21332156,18592671,248,9152521.0,134.0
21332157,13817533,180,18592671.0,248.0
21332158,14238145,193,13817533.0,180.0
21332159,13518519,189,14238145.0,193.0
21332160,11421347,172,13518519.0,189.0
21332161,17272371,243,11421347.0,172.0
21332162,15000710,207,17272371.0,243.0
21332163,4906211,96,15000710.0,207.0
21332164,25390050,333,4906211.0,96.0
21332165,13993462,172,25390050.0,333.0
21332166,12493909,149,13993462.0,172.0
21332167,13930609,174,12493909.0,149.0
21332168,13175400,148,13930609.0,174.0
21332169,6719513,80,13175400.0,148.0
21332170,23975020,269,6719513.0,80.0
21332171,15044100,195,23975020.0,269.0
21332172,12463219,164,15044100.0,195.0
21332173,13859506,183,12463219.0,164.0
21332174,6864675,105,13859506.0,183.0
21332175,14841775,184,6864675.0,105.0
21332176,18709273,234,14841775.0,184.0
21332177,20162927,215,18709273.0,234.0
21332178,17736345,187,20162927.0,215.0
21332179,8102099,109,17736345.0,187.0
21332180,20888205,216,8102099.0,109.0
21332181,18960957,236,20888205.0,216.0
21332182,10677787,142,18960957.0,236.0
21332183,16409357,242,10677787.0,142.0
21332184,12413803,171,16409357.0,242.0
21332185,12938153,212,12413803.0,171.0
21332186,15550490,205,12938153.0,212.0
21332187,14882250,178,15550490.0,205.0
21332188,14668235,209,14882250.0,178.0
21332189,12403313,157,14668235.0,209.0
21332190,13880994,154,12403313.0,157.0
21332191,16504799,208,13880994.0,154.0
21332192,12901284,146,16504799.0,208.0
21332193,13956802,191,12901284.0,146.0
21332194,11274769,151,13956802.0,191.0
21332195,15534303,174,11274769.0,151.0
21332196,19639202,255,15534303.0,174.0
21332197,13952599,189,19639202.0,255.0
21332198,9515526,168,13952599.0,189.0
21332199,17471861,203,9515526.0,168.0
21332200,8083147,135,17471861.0,203.0
21332201,29999108,499,8083147.0,135.0
21332202,18707161,250,29999108.0,499.0
21332203,11760165,196,18707161.0,250.0
21332204,22859895,346,11760165.0,196.0
21332205,12722390,156,22859895.0,346.0
21332206,16230967,254,12722390.0,156.0
21332207,14030463,160,16230967.0,254.0
21332208,12635635,198,14030463.0,160.0
21332209,13807242,177,12635635.0,198.0
21332210,17272708,247,13807242.0,177.0
21332211,15199079,199,17272708.0,247.0
21332212,8434619,122,15199079.0,199.0
21332213,13234958,200,8434619.0,122.0
21332214,16918839,212,13234958.0,200.0
21332215,21668584,247,16918839.0,212.0
21332216,16564895,199,21668584.0,247.0
21332217,10561195,130,16564895.0,199.0
21332218,14947765,183,10561195.0,130.0
21332219,9760298,155,14947765.0,183.0
21332220,17477656,234,9760298.0,155.0
21332221,15565279,199,17477656.0,234.0
21332222,23320931,324,15565279.0,199.0
21332223,12409905,196,23320931.0,324.0
21332224,11488726,191,12409905.0,196.0
21332225,5217106,118,11488726.0,191.0
21332226,28001108,379,5217106.0,118.0
21332227,21029249,180,28001108.0,379.0
21332228,14918768,150,21029249.0,180.0
21332229,18415637,158,14918768.0,150.0
21332230,6034472,88,18415637.0,158.0
21332231,16846606,201,6034472.0,88.0
21332232,15768087,198,16846606.0,201.0
21332233,16212231,170,15768087.0,198.0
21332234,9934015,117,16212231.0,170.0
21332235,17276432,244,9934015.0,117.0
21332236,19874357,217,17276432.0,244.0
21332237,10063070,140,19874357.0,217.0
21332238,21127442,231,10063070.0,140.0
21332239,6273593,95,21127442.0,231.0
21332240,19237103,268,6273593.0,95.0
21332241,26716337,312,19237103.0,268.0
21332242,13878539,171,26716337.0,312.0
21332243,11937572,132,13878539.0,171.0
21332244,15495439,184,11937572.0,132.0
21332245,10655544,130,15495439.0,184.0
21332246,15825372,172,10655544.0,130.0
21332247,16052184,203,15825372.0,172.0
21332248,16888861,174,16052184.0,203.0
21332249,14131907,189,16888861.0,174.0
21332250,17327574,153,14131907.0,189.0
21332251,10782173,149,17327574.0,153.0
21332252,16230258,173,10782173.0,149.0
21332253,14679453,189,16230258.0,173.0
21332254,13638848,151,14679453.0,189.0
21332255,14898958,183,13638848.0,151.0
21332256,12824718,149,14898958.0,183.0
21332257,16077285,200,12824718.0,149.0
21332258,14539751,179,16077285.0,200.0
21332259,12649975,159,14539751.0,179.0
21332260,12821310,196,12649975.0,159.0
21332261,19739437,202,12821310.0,196.0
21332262,17834769,205,19739437.0,202.0
21332263,16803246,185,17834769.0,205.0
21332264,11889254,163,16803246.0,185.0
21332265,4089182,63,11889254.0,163.0
21332266,20992774,268,4089182.0,63.0
21332267,13494911,170,20992774.0,268.0
21332268,11708762,169,13494911.0,170.0
21332269,9958724,125,11708762.0,169.0
21332270,14336989,183,9958724.0,125.0
21332271,18998253,221,14336989.0,183.0
21332272,14453183,170,18998253.0,221.0
21332273,9964849,130,14453183.0,170.0
21332274,16510486,212,9964849.0,130.0
21332275,16182817,195,16510486.0,212.0
21332276,15878446,216,16182817.0,195.0
21332277,12280784,177,15878446.0,216.0
21332278,13973061,175,12280784.0,177.0
21332279,14846167,178,13973061.0,175.0
21332280,9553703,132,14846167.0,178.0
21332281,26627043,371,9553703.0,132.0
21332282,12232615,174,26627043.0,371.0
21332283,22282051,245,12232615.0,174.0
21332284,11574251,158,22282051.0,245.0
21332285,6606134,109,11574251.0,158.0
21332286,27696277,331,6606134.0,109.0
21332287,6085021,104,27696277.0,331.0
21332288,16058421,220,6085021.0,104.0
21332289,19959687,231,16058421.0,220.0
21332290,5094300,75,19959687.0,231.0
21332291,16103991,207,5094300.0,75.0
21332292,21550205,252,16103991.0,207.0
21332293,14823500,200,21550205.0,252.0
21332294,13835543,154,14823500.0,200.0
21332295,8250310,126,13835543.0,154.0
21332296,17294169,201,8250310.0,126.0
21332297,18333422,197,17294169.0,201.0
21332298,8689866,122,18333422.0,197.0
21332299,19272183,262,8689866.0,122.0
21332300,12426627,175,19272183.0,262.0
21332301,17372033,204,12426627.0,175.0
21332302,13163737,163,17372033.0,204.0
21332303,14974614,178,13163737.0,163.0
21332304,14181669,148,14974614.0,178.0
21332305,15557317,167,14181669.0,148.0
21332306,25133874,259,15557317.0,167.0
21332307,7163446,41,25133874.0,259.0
21332308,15036528,260,7163446.0,41.0
21332309,21932436,238,15036528.0,260.0
21332310,10300047,124,21932436.0,238.0
21332311,18602360,209,10300047.0,124.0
21332312,20669968,240,18602360.0,209.0
21332313,14106518,208,20669968.0,240.0
21332314,9484808,119,14106518.0,208.0
21332315,12281416,160,9484808.0,119.0
21332316,29979101,317,12281416.0,160.0
21332317,16614196,196,29979101.0,317.0
21332318,10035012,129,16614196.0,196.0
21332319,15361673,174,10035012.0,129.0
21332320,12001350,150,15361673.0,174.0
21332321,16343215,171,12001350.0,150.0
21332322,12527788,152,16343215.0,171.0
21332323,14646679,174,12527788.0,152.0
21332324,16069854,218,14646679.0,174.0
21332325,10675377,153,16069854.0,218.0
21332326,17002201,194,10675377.0,153.0
21332327,13426957,179,17002201.0,194.0
21332328,13139154,164,13426957.0,179.0
21332329,14197468,175,13139154.0,164.0
21332330,23954033,242,14197468.0,175.0
21332331,14911084,166,23954033.0,242.0
21332332,20392885,198,14911084.0,166.0
21332333,9945228,119,20392885.0,198.0
21332334,15331317,167,9945228.0,119.0
21332335,13442654,173,15331317.0,167.0
21332336,15430338,234,13442654.0,173.0
21332337,12575830,192,15430338.0,234.0
21332338,13507101,169,12575830.0,192.0
21332339,12667896,167,13507101.0,169.0
21332340,10514512,129,12667896.0,167.0
21332341,27917868,362,10514512.0,129.0
21332342,9996666,121,27917868.0,362.0
21332343,12564356,141,9996666.0,121.0
21332344,16176621,229,12564356.0,141.0
21332345,13279345,176,16176621.0,229.0
21332346,18363904,211,13279345.0,176.0
21332347,8584329,104,18363904.0,211.0
21332348,13688969,205,8584329.0,104.0
21332349,8457866,139,13688969.0,205.0
21332350,29998426,242,8457866.0,139.0
21332351,24210635,288,29998426.0,242.0
21332352,6034192,83,24210635.0,288.0
21332353,20336597,215,6034192.0,83.0
21332354,16149336,181,20336597.0,215.0
21332355,19734006,191,16149336.0,181.0
21332356,12786594,143,19734006.0,191.0
21332357,15373888,205,12786594.0,143.0
21332358,13153828,156,15373888.0,205.0
21332359,14367711,186,13153828.0,156.0
21332360,8138876,128,14367711.0,186.0
21332361,22907879,203,8138876.0,128.0
21332362,28309412,366,22907879.0,203.0
21332363,10248873,135,28309412.0,366.0
21332364,12728531,172,10248873.0,135.0
21332365,16370750,164,12728531.0,172.0
21332366,12779250,164,16370750.0,164.0
21332367,13681428,147,12779250.0,164.0
21332368,13335261,173,13681428.0,147.0
21332369,13214363,210,13335261.0,173.0
21332370,15072156,177,13214363.0,210.0
21332371,14236752,182,15072156.0,177.0
21332372,13361913,170,14236752.0,182.0
21332373,18448356,244,13361913.0,170.0
21332374,12942842,140,18448356.0,244.0
21332375,21895418,234,12942842.0,140.0
21332376,13368549,184,21895418.0,234.0
21332377,15841361,192,13368549.0,184.0
21332378,12790902,166,15841361.0,192.0
21332379,11822435,127,12790902.0,166.0
21332380,10479452,113,11822435.0,127.0
21332381,17597515,253,10479452.0,113.0
21332382,27099548,283,17597515.0,253.0
21332383,4716219,74,27099548.0,283.0
21332384,22936584,258,4716219.0,74.0
21332385,12253845,147,22936584.0,258.0
21332386,13836087,155,12253845.0,147.0
21332387,15769684,224,13836087.0,155.0
21332388,10325936,129,15769684.0,224.0
21332389,9091160,64,10325936.0,129.0
21332390,23910635,394,9091160.0,64.0
21332391,8060771,100,23910635.0,394.0
21332392,18620509,204,8060771.0,100.0
21332393,16245098,164,18620509.0,204.0
21332394,15486796,171,16245098.0,164.0
21332395,8418664,108,15486796.0,171.0
21332396,20180474,207,8418664.0,108.0
21332397,13215012,156,20180474.0,207.0
21332398,5334498,75,13215012.0,156.0
21332399,23202206,304,5334498.0,75.0
21332400,14614650,201,23202206.0,304.0
21332401,7397416,125,14614650.0,201.0
21332402,27468125,333,7397416.0,125.0
21332403,11436610,132,27468125.0,333.0
21332404,4280547,63,11436610.0,132.0
21332405,29989386,247,4280547.0,63.0
21332406,17082529,187,29989386.0,247.0
21332407,15308719,215,17082529.0,187.0
21332408,12352458,140,15308719.0,215.0
21332409,16764790,198,12352458.0,140.0
21332410,11571582,165,16764790.0,198.0
21332411,17983695,245,11571582.0,165.0
21332412,2895320,63,17983695.0,245.0
21332413,7858522,141,2895320.0,63.0
21332414,29994355,268,7858522.0,141.0
21332415,29988626,353,29994355.0,268.0
21332416,15397616,152,29988626.0,353.0
21332417,13792235,147,15397616.0,152.0
21332418,18119997,169,13792235.0,147.0
21332419,8965504,148,18119997.0,169.0
21332420,17664008,228,8965504.0,148.0
21332421,14527541,159,17664008.0,228.0
21332422,15802622,160,14527541.0,159.0
21332423,15478446,179,15802622.0,160.0
21332424,14164837,142,15478446.0,179.0
21332425,6316655,99,14164837.0,142.0
21332426,18625584,284,6316655.0,99.0
21332427,27910128,256,18625584.0,284.0
21332428,19123703,164,27910128.0,256.0
21332429,13213523,152,19123703.0,164.0
21332430,14802746,159,13213523.0,152.0
21332431,20667428,223,14802746.0,159.0
21332432,20471981,172,20667428.0,223.0
21332433,12958862,159,20471981.0,172.0
21332434,14354987,182,12958862.0,159.0
21332435,11575640,172,14354987.0,182.0
21332436,17410574,165,11575640.0,172.0
21332437,14855988,189,17410574.0,165.0
21332438,12854540,130,14855988.0,189.0
21332439,22377045,274,12854540.0,130.0
21332440,13264141,203,22377045.0,274.0
21332441,14105533,220,13264141.0,203.0
21332442,15562932,170,14105533.0,220.0
21332443,3083883,30,15562932.0,170.0
21332444,29998612,414,3083883.0,30.0
21332445,6100157,103,29998612.0,414.0
21332446,11622468,60,6100157.0,103.0
21332447,15855703,239,11622468.0,60.0
21332448,22699267,201,15855703.0,239.0
21332449,17397288,184,22699267.0,201.0
21332450,19183444,199,17397288.0,184.0
21332451,6322235,106,19183444.0,199.0
21332452,15854837,203,6322235.0,106.0
21332453,14866369,174,15854837.0,203.0
21332454,15937230,208,14866369.0,174.0
21332455,14654994,203,15937230.0,208.0
21332456,14172364,157,14654994.0,203.0
21332457,15979381,234,14172364.0,157.0
21332458,6299832,106,15979381.0,234.0
21332459,28993069,438,6299832.0,106.0
21332460,12415878,140,28993069.0,438.0
21332461,11813705,164,12415878.0,140.0
21332462,11561852,183,11813705.0,164.0
21332463,5178534,32,11561852.0,183.0
21332464,26113526,389,5178534.0,32.0
21332465,14543408,184,26113526.0,389.0
21332466,16921902,197,14543408.0,184.0
21332467,12340104,147,16921902.0,197.0
21332468,14341622,162,12340104.0,147.0
21332469,19687596,238,14341622.0,162.0
21332470,12466338,146,19687596.0,238.0
21332471,14585892,168,12466338.0,146.0
21332472,13970355,139,14585892.0,168.0
21332473,11852921,152,13970355.0,139.0
21332474,16772147,188,11852921.0,152.0
21332475,14878392,189,16772147.0,188.0
21332476,9853467,130,14878392.0,189.0
21332477,16371905,259,9853467.0,130.0
21332478,11427106,155,16371905.0,259.0
21332479,21994682,214,11427106.0,155.0
21332480,10460746,152,21994682.0,214.0
21332481,6589686,107,10460746.0,152.0
21332482,15237827,216,6589686.0,107.0
21332483,20481780,253,15237827.0,216.0
21332484,17294142,222,20481780.0,253.0
21332485,14705811,168,17294142.0,222.0
21332486,10141778,127,14705811.0,168.0
21332487,12500185,157,10141778.0,127.0
21332488,15791558,210,12500185.0,157.0
21332489,7731481,119,15791558.0,210.0
21332490,23150549,312,7731481.0,119.0
21332491,12399248,189,23150549.0,312.0
21332492,15515268,172,12399248.0,189.0
21332493,11976731,162,15515268.0,172.0
21332494,13566795,166,11976731.0,162.0
21332495,15230403,202,13566795.0,166.0
21332496,4901178,98,15230403.0,202.0
21332497,29985408,324,4901178.0,98.0
21332498,17518520,223,29985408.0,324.0
21332499,17532253,254,17518520.0,223.0
21332500,11790790,192,17532253.0,254.0
21332501,16269766,187,11790790.0,192.0
21332502,9557803,137,16269766.0,187.0
21332503,14971025,180,9557803.0,137.0
21332504,19217327,223,14971025.0,180.0
21332505,15636273,168,19217327.0,223.0
21332506,15009611,178,15636273.0,168.0
21332507,16313586,210,15009611.0,178.0
21332508,10791366,134,16313586.0,210.0
21332509,17211404,251,10791366.0,134.0
21332510,9639983,84,17211404.0,251.0
21332511,20631450,277,9639983.0,84.0
21332512,11610911,175,20631450.0,277.0
21332513,13517614,145,11610911.0,175.0
21332514,14947781,172,13517614.0,145.0
21332515,7758314,127,14947781.0,172.0
21332516,23456419,271,7758314.0,127.0
21332517,13506440,161,23456419.0,271.0
21332518,18608668,247,13506440.0,161.0
21332519,20389698,200,18608668.0,247.0
21332520,10092171,127,20389698.0,200.0
21332521,16459042,188,10092171.0,127.0
21332522,11604919,159,16459042.0,188.0
21332523,9271756,132,11604919.0,159.0
21332524,11815683,139,9271756.0,132.0
21332525,20649228,227,11815683.0,139.0
21332526,19870160,224,20649228.0,227.0
21332527,9410363,58,19870160.0,224.0
21332528,17916336,246,9410363.0,58.0
21332529,16312765,219,17916336.0,246.0
21332530,5234311,106,16312765.0,219.0
21332531,26284302,266,5234311.0,106.0
21332532,12076455,167,26284302.0,266.0
21332533,8662207,113,12076455.0,167.0
21332534,18265867,215,8662207.0,113.0
21332535,4305230,77,18265867.0,215.0
21332536,30017385,375,4305230.0,77.0
21332537,22401305,264,30017385.0,375.0
21332538,13420678,157,22401305.0,264.0
21332539,15989690,180,13420678.0,157.0
21332540,10553889,141,15989690.0,180.0
21332541,10245726,128,10553889.0,141.0
21332542,16460204,206,10245726.0,128.0
21332543,12814505,164,16460204.0,206.0
21332544,15487980,209,12814505.0,164.0
21332545,14374421,157,15487980.0,209.0
21332546,15297325,185,14374421.0,157.0
21332547,5969388,78,15297325.0,185.0
21332548,19334189,196,5969388.0,78.0
21332549,16359634,213,19334189.0,196.0
21332550,7910778,105,16359634.0,213.0
21332551,18737337,264,7910778.0,105.0
21332552,26234536,295,18737337.0,264.0
21332553,16659677,166,26234536.0,295.0
21332554,14313643,151,16659677.0,166.0
21332555,12388604,199,14313643.0,151.0
21332556,22739366,257,12388604.0,199.0
21332557,13454796,149,22739366.0,257.0
21332558,15359322,152,13454796.0,149.0
21332559,11281155,145,15359322.0,152.0
21332560,12858500,158,11281155.0,145.0
21332561,16497581,192,12858500.0,158.0
21332562,12904991,183,16497581.0,192.0
21332563,17930590,173,12904991.0,183.0
21332564,11974989,136,17930590.0,173.0
21332565,14157408,188,11974989.0,136.0
21332566,13982919,153,14157408.0,188.0
21332567,15734599,200,13982919.0,153.0
21332568,13152336,139,15734599.0,200.0
21332569,20338914,229,13152336.0,139.0
21332570,11441821,131,20338914.0,229.0
21332571,13086308,149,11441821.0,131.0
21332572,10960122,153,13086308.0,149.0
21332573,11760090,174,10960122.0,153.0
21332574,16831450,207,11760090.0,174.0
21332575,10968930,141,16831450.0,207.0
21332576,24192405,233,10968930.0,141.0
21332577,9500884,118,24192405.0,233.0
21332578,6731263,91,9500884.0,118.0
